SNID,redshift_offset,offset_outlier
2001ah,0.0006099999999999994,False
2001az,-0.00010200000000000486,False
2001da,-0.0012330000000000015,False
2001en,-0.0009439999999999987,False
2001fe,0.0009639999999999996,False
2001gb,0.0010900000000000007,False
2001G,0.0005690000000000001,False
2001ic,-0.0012870000000000034,False
2001V,0.0010380000000000007,False
2002bf,0.0005600000000000015,False
2002bz,0.0006849999999999981,False
2002ck,0.0004559999999999981,False
2002cr,0.000902,False
2002de,0.00015200000000000283,False
2002dj,0.0010559999999999996,False
2002dp,-0.0011990000000000004,False
2002eu,-0.0009079999999999991,False
2002fk,-0.0005050000000000002,False
2002G,0.0008290000000000033,False
2002ha,-0.001004999999999999,False
2002he,0.000283000000000002,False
2002kf,0.0001779999999999976,False
2003ae,0.0009399999999999964,False
2003ch,0.0006260000000000016,False
2003cq,0.00047599999999999726,False
2003du,0.0002669999999999999,False
2003fa,-0.00023999999999999716,False
2003hu,-0.0002959999999999907,False
2001ay,0.0006780000000000015,False
2001bf,-0.0003099999999999995,False
2001C,0.00015500000000000062,False
2001cp,-1.4999999999997654e-05,False
2001eh,-0.0008630000000000027,False
2001ep,-6.399999999999982e-05,False
2001fh,-0.0008910000000000012,False
2001gc,2.6999999999999247e-05,False
2001ie,0.0004740000000000022,False
2001N,0.001068999999999997,False
2002ar,0.0011040000000000008,False
2002bo,0.0010560000000000005,False
2002cd,-0.0006120000000000014,False
2002do,-0.0007220000000000004,False
2002es,-0.0005269999999999997,False
2002hw,-0.0012180000000000003,False
2002jy,-0.0008990000000000005,False
2003ai,0.0007650000000000018,False
2003cg,0.0011809999999999998,False
2003D,0.0011609999999999988,False
2003K,5.199999999999996e-05,False
2003kf,0.00031099999999999964,False
2004ap,0.0011570000000000018,False
2004fu,-0.0005459999999999996,False
2004K,0.0008510000000000045,False
2005dv,0.00023300000000000057,False
2005ew,-0.0004819999999999998,False
2005ke,-0.00039099999999999985,False
2005ls,-0.000621,False
2006ah,0.001017999999999998,False
2006al,0.0012759999999999994,False
2006an,0.0011919999999999986,False
2006B,-0.0011210000000000005,False
2006bd,0.0011140000000000004,False
2006bk,0.0004539999999999961,False
2006br,0.0009680000000000001,False
2006bu,0.0009919999999999929,False
2006bz,0.0009149999999999991,False
2006cc,0.00013799999999999923,False
2006cg,0.0008969999999999985,False
2006cj,0.0009489999999999915,False
2006cm,-0.001095999999999998,False
2006cs,0.0007069999999999993,False
2006em,-0.0007160000000000014,False
2006H,-0.0005170000000000001,False
2006ha,-0.0012560000000000002,False
2006hn,0.00013799999999999923,False
2006je,-0.000900999999999999,False
2006ke,-5.199999999999996e-05,False
2006le,-0.00016199999999999895,False
2006lf,-0.00023299999999999883,False
2006mq,0.0008230000000000004,False
2006or,0.0009880000000000028,False
2006os,-0.0007229999999999945,False
2006X,0.0010859999999999993,False
2007au,0.00028700000000000253,False
2007ax,0.0007870000000000004,False
2007bm,0.0012380000000000004,False
2007bz,0.0009790000000000007,False
2007cg,0.001023000000000003,False
2007cp,0.0011639999999999984,False
2007H,0.001003999999999998,False
2007N,0.0011389999999999994,False
2007S,0.001167999999999999,False
2004ef,-0.001229000000000001,False
2005be,0.0006150000000000044,False
2005eq,-0.000617999999999997,False
2005iq,-0.001122999999999999,False
2005M,0.0009979999999999989,False
2006is,9.40000000000038e-05,False
2009dc,0.00031899999999999984,False
2008fv,0.00019800000000000026,False
1997bq,0.00019800000000000026,False
2010ai,0.0009090000000000001,False
2002fb,-0.0008380000000000002,False
2002hd,0.0010539999999999994,False
2002hu,-0.000785000000000001,False
2003ic,-0.0011509999999999992,False
2003it,-0.0011529999999999978,False
2003iv,-0.0007469999999999977,False
2003kc,0.0009360000000000063,False
2004as,0.0011019999999999988,False
2003U,-0.00016600000000000295,False
2003W,0.001077999999999999,False
2004bg,0.0011079999999999979,False
2004L,0.0011499999999999982,False
2005el,-1.0999999999998858e-05,False
2005am,0.0010810000000000004,False
2005kc,-0.001235,False
2005cf,0.0005830000000000002,False
2005lz,-0.0008319999999999994,False
2005eu,-0.0008039999999999992,False
2005mz,-0.0005370000000000028,False
2005hf,-0.0010520000000000043,False
2005ki,0.0011970000000000001,False
2005ms,0.0007349999999999995,False
2005mc,0.0008229999999999973,False
2005na,0.0005269999999999997,False
2006ac,0.0008589999999999987,False
2005lu,-0.0007100000000000023,False
2006ar,0.0003839999999999989,False
2006ak,0.0010410000000000003,False
2006bb,0.0006239999999999996,False
2006ax,0.0012470000000000016,False
2006az,0.0005500000000000019,False
2006cp,0.0010490000000000013,False
2006bq,-0.0004599999999999986,False
2006bt,0.0003270000000000009,False
2006bw,0.0007880000000000005,False
2006cf,0.0007710000000000009,False
2006cz,0.0007540000000000047,False
2006cq,0.0008400000000000005,False
2006D,0.0011260000000000003,False
2006en,-0.0011690000000000034,False
2006et,-0.0009960000000000004,False
2006eu,-0.000671999999999999,False
2006ef,-0.0008730000000000022,False
2006ej,-0.0011199999999999995,False
2006ev,-0.0011440000000000027,False
2006gj,-0.0005939999999999973,False
2006gr,-0.0011509999999999992,False
2006gt,-0.0011419999999999972,False
2006hb,7.999999999999327e-06,False
2006kf,-0.0004919999999999994,False
2006mp,-0.00011399999999999952,False
2006mo,-0.0010279999999999942,False
2006ot,-0.000781999999999998,False
2006qo,0.00034099999999999756,False
2006S,0.0008590000000000056,False
2006sr,-0.001183,False
2006td,-0.0008369999999999992,False
2006N,-7.000000000000062e-06,False
2006te,0.0005669999999999981,False
2007ae,-0.00014699999999999436,False
2007af,0.0008289999999999999,False
2007al,0.001162999999999999,False
2007ap,0.000338999999999999,False
2007ai,0.00035299999999999915,False
2007ar,0.0004330000000000028,False
2007ba,0.0005840000000000012,False
2007bc,0.0011140000000000004,False
2007bd,0.0009710000000000031,False
2007ca,0.0010229999999999996,False
2007ci,0.0011079999999999979,False
2007O,0.00038499999999999646,False
2007co,-0.00041300000000000017,False
2007cq,-0.0012260000000000014,False
2007F,0.0005830000000000002,False
2007qe,-0.0011639999999999984,False
2007R,0.000453000000000002,False
2007sr,0.0011860000000000004,False
2008af,0.0006149999999999975,False
2008bf,0.0010910000000000017,False
2008L,-0.0005479999999999999,False
2004dt,-0.0009160000000000001,False
2004eo,-0.0009690000000000011,False
2004ey,-0.001165000000000001,False
2004gc,4.000000000000531e-05,False
2005A,-0.0007950000000000006,False
2004gu,0.001113999999999997,False
2004gs,0.000896000000000001,False
2005ag,0.0006969999999999893,False
2005al,0.0008990000000000005,False
2005bg,0.0011100000000000033,False
2005bl,0.0010909999999999982,False
2005bo,0.0011380000000000001,False
2005W,-0.0009359999999999993,False
2006bh,-0.00035000000000000135,False
2006dd,-0.0003560000000000004,False
2006mr,-0.0003560000000000004,False
2006lu,0.0010859999999999967,False
2007A,-0.0011849999999999986,False
2007as,0.00034199999999999856,False
2007hj,-0.001235,False
2007le,-0.0011980000000000003,False
2008bc,0.0006390000000000007,False
2007nq,-0.0011400000000000021,False
2008ar,0.0011430000000000017,False
2008bz,0.0011509999999999992,False
2008C,0.00046699999999999867,False
2007so,-0.0007549999999999987,False
2008bt,0.001243000000000001,False
2008bi,0.0009650000000000006,False
2008cd,0.0010589999999999992,False
2008cf,0.000893999999999999,False
2007on,-0.0003049999999999997,False
2007st,-0.0005229999999999992,False
2007ux,0.0011350000000000006,False
2008bd ,0.001232000000000004,False
2008fu ,-0.000558999999999997,False
2008gg,-0.000951999999999998,False
2008go,-0.001117,False
2008ia,0.0006260000000000016,False
2008O,0.0005090000000000025,False
2008R,-0.0006080000000000009,False
2008bq,0.00047699999999999826,False
2008cc,-0.0002669999999999999,False
2009aa,0.0012209999999999999,False
2008ff,-0.0005310000000000002,False
2008fl,-0.0004939999999999979,False
2008fp,0.0006320000000000006,False
2008fr,-0.0011029999999999998,False
2009ab,-0.0002999999999999999,False
2008fw,0.0009700000000000004,False
2008gl,-0.0010780000000000026,False
2009ad,-6.0000000000001025e-05,False
2008gp,-0.0005790000000000031,False
2008hj,-0.0011830000000000035,False
2008hu,0.000904000000000002,False
2009ag,0.000622000000000001,False
2008hv,0.0010530000000000001,False
2009al,0.0012110000000000003,False
2009cz,0.0008730000000000022,False
2009D,-0.0003390000000000025,False
2009ds,0.0012400000000000015,False
2009F,-3.399999999999931e-05,False
2009I,-0.000732,False
2009le,-0.0007549999999999987,False
2009P,0.0012620000000000027,False
2009Y,0.0007589999999999993,False
03D1ax,-0.0011970000000000036,False
03D3ay,0.0005379999999999829,False
03D3ba,0.0005129999999999857,False
2012cg,0.00112,False
2007fb,-0.001230000000000002,False
2011fe,0.0004010000000000001,False
2007fs,-0.0010490000000000013,False
2007kk,-0.0004720000000000002,False
2008dh,-0.0011499999999999982,False
2011by,0.000562,False
2008eg,-0.0009650000000000006,False
2008ek,0.0002940000000000026,False
2008eo,-0.0010460000000000018,False
2008eq,-3.9999999999970615e-06,False
2008fk,-0.0008349999999999885,False
2008hs,-0.0007159999999999979,False
2008Y,0.0006299999999999917,False
2009an,0.00034299999999999956,False
2009ee,0.0009580000000000005,False
2009eu,8.100000000000121e-05,False
2009fv,7.100000000000162e-05,False
2009hn,-0.0008040000000000026,False
2009hp,-0.0006980000000000007,False
2009ig,-0.0007609999999999995,False
2009kq,0.0007810000000000004,False
2010ao,0.0009740000000000026,False
2010hs,-0.0008589999999999987,False
2010ii,-0.0011019999999999988,False
2010ju,0.00010899999999999972,False
2011bd,-0.0002360000000000001,False
2011df,-0.000529,False
2011dl,0.0002139999999999989,False
2011dz,0.00020600000000000132,False
2011ek,-0.0008189999999999994,False
2011fs,-0.0010770000000000016,False
2011M,-0.00016199999999999895,False
2012E,-0.0008079999999999997,False
2012gl,0.0011339999999999996,False
2013bs,-0.0001260000000000011,False
2013dr,-0.00014300000000000077,False
2013dy,-0.0010069999999999996,False
2013ex,0.00014899999999999983,False
2013fa,-0.0010039999999999997,False
2013fw,-0.0010899999999999972,False
2013gh,-0.0010659999999999992,False
2013gq,0.0007679999999999996,False
2013gy,-0.00045600000000000154,False
2014ai,0.0008349999999999989,False
2014ao,0.0009690000000000011,False
2014bj,-0.0006079999999999974,False
2014J,0.00026199999999999997,False
2015N,-0.0009370000000000003,False
2017dws,0.0004709999999999992,False
2017erp,0.0006430000000000003,False
2017fgc,-0.0010509999999999999,False
2017hbi,-0.0007520000000000027,False
2018aoz,0.001137,False
2018dem,-0.001125000000000001,False
2018gv,0.0008619999999999999,False
010010,0.0012839999999999935,False
010026,0.0005159999999999991,False
010454,0.0005710000000000021,False
080064,-0.0004199999999999898,False
2017cbv,0.0006679999999999993,False
1972E,0.0009110000000000001,False
1980N,-0.0003560000000000004,False
130308,0.00043400000000000383,False
140181,0.0007670000000000038,False
160046,8.299999999999974e-05,False
160099,0.0004060000000000036,False
300105,-0.0013319999999999999,False
330075,0.0006509999999999988,False
360156,0.0012189999999999979,False
370356,0.0007209999999999994,False
420100,-0.0013009999999999966,False
480058,0.0007180000000000034,False
490007,0.0007360000000000005,False
1981B,0.0011460000000000003,False
500038,0.0012840000000000074,False
1981D,-0.0003560000000000004,False
520001,0.0005789999999999962,False
530061,-0.0012930000000000025,False
1986G,0.0008499999999999998,False
530086,-0.001244000000000002,False
1989B,0.0011619999999999998,False
1990af,-0.0003980000000000025,False
1990N,0.001068,False
590194,0.0006390000000000007,False
1990O,-6.600000000000009e-05,False
1990T,-0.000343000000000003,False
1990Y,-0.00034,False
1991ag,-0.00034900000000000035,False
1991bg,0.0011029999999999998,False
1991M,0.00032200000000000024,False
1991S,0.001118000000000001,False
1991T,0.001144,False
1991U,0.00102,False
1992A,-0.00031899999999999984,False
1992ae,-0.0004230000000000067,False
1992ag,0.0010229999999999996,False
1992al,-0.0005050000000000002,False
1992aq,-0.0009709999999999996,False
1992au,-0.0006859999999999991,False
1992bc,-0.0004060000000000001,False
1992bg,0.0004950000000000024,False
1992bh,0.00010000000000000286,False
1992bk,-0.00016100000000000142,False
1992bl,-0.0007969999999999991,False
1992bo,-0.0007820000000000014,False
1992bp,-0.0004519999999999941,False
1992br,-0.00044500000000000095,False
1992bs,-0.0003490000000000021,False
1992G,0.000876,False
1992J,0.0011719999999999994,False
1992K,0.0008510000000000011,False
1992P,0.0011110000000000009,False
1993ag,0.0010930000000000037,False
1993ah,-0.0010229999999999996,False
1993B,0.0011580000000000062,False
1993H,0.0009000000000000015,False
1993L,-0.000908,False
1993O,0.0009689999999999976,False
1994D,0.0011179999999999999,False
1998aq,0.0005660000000000001,False
1998bu,0.0011650000000000002,False
1999aw,0.0012800000000000034,False
1999by,0.0005699999999999998,False
1999cp,0.000902,False
1999da,-0.00019699999999999926,False
1999dk,-0.0010229999999999996,False
1999ee,-0.0008710000000000002,False
2000bh,0.0011660000000000004,False
2000bk,0.0011859999999999996,False
2000ca,0.0009249999999999987,False
2000E,-0.0005279999999999998,False
2001ba,0.0011409999999999997,False
2001bt,-0.00019199999999999946,False
2001cn,-6.700000000000109e-05,False
2001cz,0.0009729999999999999,False
2001el,-0.00021700000000000018,False
2002cx,0.0010529999999999984,False
2002er,-2.199999999999945e-05,False
2006ct,0.0007190000000000044,False
2006ou,0.0011490000000000007,False
2007aj,0.0005509999999999994,False
2007bj,0.0002689999999999984,False
2007cb,0.0009310000000000013,False
2007cc,0.000895,False
2007cf,0.0005460000000000048,False
2007cn,-0.0012169999999999993,False
2007cs,-0.0011399999999999987,False
2007ev,-0.0012139999999999998,False
2007fq,-0.0008499999999999966,False
2007hg,-0.0003470000000000001,False
2007hu,-1.000000000001e-06,False
2007if,-0.0011419999999999902,False
2007ir,-0.0007320000000000035,False
2007is,1.000000000001e-06,False
2007kd,0.0008380000000000019,False
2007kf,-0.00018699999999999967,False
2007kg,-0.0007170000000000006,False
2007kh,-0.000562,False
2007ob,-0.0012649999999999953,False
2007rx,-0.001184000000000001,False
2007ss,0.0006149999999999992,False
2007su,-0.001228,False
2007sw,0.0007209999999999994,False
2008A,-0.0009010000000000008,False
2008050,0.001013,False
2008051,0.0005780000000000021,False
2008ac,0.0007230000000000014,False
2008ad,0.0009600000000000025,False
2008ae,0.0011460000000000012,False
2008ai,0.0009069999999999981,False
2008at,0.0002489999999999992,False
2008bw,-0.0003769999999999954,False
2008by,0.0008370000000000044,False
2008cm,0.0004330000000000011,False
2008dr,-0.001235,False
2008ds,-0.0010839999999999982,False
2008dt,-1.000000000001e-06,False
2008gb,-0.0005900000000000002,False
2008hm,-0.0004860000000000003,False
2008Q,-0.0010410000000000003,False
2008Z,0.000844000000000001,False
2009bv,0.0008099999999999982,False
2009do,0.0006300000000000056,False
2009gf,0.0008009999999999996,False
2009jr,-0.0009429999999999994,False
2009kk,-0.0004230000000000015,False
04D3ez,0.0004830000000000112,False
05D2ah,0.0013779999999999903,False
05D3ne,0.0004499999999999782,False
06D2fb,0.0013050000000000006,False
06D3dt,0.0005059999999999509,False
06D3fp,0.00048399999999998444,False
06D3gn,0.0004939999999999944,False
2009lf,-0.0009489999999999985,False
2009li,-0.0012220000000000009,False
2009na,0.0010439999999999998,False
2009nq,-0.0012239999999999994,False
2010A,-0.0007989999999999976,False
2010ag,-4.600000000000437e-05,False
2010cr,0.0009779999999999997,False
2010dt,4.699999999999843e-05,False
2010dw,0.0005929999999999963,False
2010H,0.0008579999999999994,False
2010Y,0.00036699999999999927,False
PTF10bjs,0.0005360000000000018,False
1993ac,-5.2999999999997494e-05,False
1993ae,-0.001021000000000001,False
1994ae,0.0011229999999999999,False
1994M,0.001176,False
1994Q,-1.1000000000000593e-05,False
1994S,0.0009459999999999989,False
1994T,0.0010729999999999976,False
1995ac,-0.001237999999999996,False
1995ak,-0.0007500000000000007,False
1995al,0.0008809999999999998,False
1995bd,-0.00016699999999999875,False
1995D,0.0011200000000000003,False
1995E,8.800000000000127e-05,False
1996ab,0.0004829999999999973,False
1996ai,0.0007590000000000001,False
1996bk,0.00033299999999999996,False
1996bl,-0.0011889999999999956,False
1996bo,-0.0009750000000000002,False
1996bv,6.1000000000002025e-05,False
1996C,0.0005129999999999996,False
1996X,0.0010049999999999998,False
1996Z,0.0011089999999999997,False
1997bp,0.0011360000000000016,False
1997br,0.0010219999999999995,False
1997cn,0.0007980000000000001,False
1997cw,-0.0011849999999999986,False
1997dg,-0.001191000000000001,False
1997do,0.00035799999999999894,False
1997dt,-0.0012250000000000004,False
1997E,-1.1000000000000593e-05,False
1997Y,0.0005339999999999998,False
1998ab,0.0007500000000000007,False
1998bp,-0.0002699999999999994,False
1998co,-0.0010980000000000018,False
1998D,0.0006589999999999999,False
1998de,-0.0010759999999999988,False
1998dh,-0.0012429999999999993,False
1998dk,-0.0011909999999999994,False
1998dm,-0.0010030000000000004,False
1998dx,-0.00033600000000000296,False
1998ec,0.00022799999999999904,False
1998ef,-0.0010110000000000015,False
1998eg,-0.0012510000000000021,False
1998es,-0.0010039999999999997,False
1998V,-0.00040899999999999964,False
1999aa,0.0008179999999999993,False
1999ac,0.0003169999999999996,False
1999cc,0.0002020000000000008,False
1999cl,0.001083999999999999,False
1999cw,-0.0011589999999999986,False
1999dq,-0.0007890000000000015,False
1999ef,-0.0011410000000000031,False
1999ej,-0.0009530000000000007,False
1999ek,8.800000000000127e-05,False
1999gd,0.0008160000000000008,False
1999gh,0.0011230000000000007,False
1999gp,-0.0007209999999999994,False
1999X,0.0007430000000000006,False
2000B,0.0002610000000000008,False
2000ce,0.00019699999999999926,False
2000cf,3.100000000000325e-05,False
2000cn,-0.0002950000000000001,False
2000cx,-0.0010410000000000003,False
2000dk,-0.0010010000000000019,False
2000fa,0.0005310000000000002,False
ASASSN-14eu,0.0006850000000000016,False
ASASSN-14fa,-0.0005250000000000012,False
ASASSN-14kd,-0.0012580000000000022,False
ASASSN-14lw,-0.0006339999999999991,False
iPTF13dge,-4.60000000000009e-05,False
iPTF13ebh,-0.0007810000000000004,False
iPTF14atg,0.0009440000000000004,False
iPTF14bdn,0.0007760000000000006,False
LSQ11ot,7.000000000000062e-06,False
LSQ12gdj,-0.0010490000000000013,False
LSQ13crf,-0.0006549999999999959,False
LSQ13ddu,-0.0002730000000000024,False
LSQ13ry,0.0012289999999999975,False
PS1-14xw,9.30000000000028e-05,False
PTF09dnp,0.00026800000000000435,False
PTF10icb,0.00044500000000000095,False
2005df,4.000000000000531e-06,False
2006dm,-0.001228,False
2007cv,0.0011590000000000003,False
2007gi,0.0004330000000000002,False
2008dx,0.0009229999999999933,False
2008ec,-0.0012510000000000004,False
2008ge,-0.00011099999999999999,False
2009jb,-0.0001360000000000007,False
2010el,-3.300000000000004e-05,False
2010gn,-0.00012900000000000064,False
2010gp,9.30000000000028e-05,False
2010ih,0.0005779999999999995,False
2010jn,0.0009989999999999999,False
2010kg,-0.00018699999999999967,False
2010ko,0.00014899999999999983,False
2011aa,5.10000000000007e-05,False
2011ao,0.0009329999999999998,False
2011ay,0.00025199999999999875,False
2011B,6.100000000000029e-05,False
2011de,3.500000000000031e-05,False
2011dm,-0.0004800000000000004,False
2011dn,-0.000843,False
2011eh,0.0005249999999999994,False
2011gu,-0.001118000000000001,False
2011hb,-0.0012649999999999988,False
2011ia,0.00036599999999999827,False
2011im,-0.001235,False
2011iv,-0.0003049999999999997,False
2012fr,-0.00032200000000000024,False
2012hr,0.00031899999999999984,False
2012ij,0.0011260000000000003,False
2012V,-0.0005219999999999999,False
2012Z,-0.0005050000000000002,False
2013aa,0.0006679999999999993,False
2013ag,0.0009439999999999969,False
2013cg,0.0010699999999999998,False
2013cs,0.0010550000000000004,False
2013dh,0.00048299999999999906,False
2013E,0.001059000000000001,False
2013eh,0.00013900000000000023,False
2013eu,8.99999999999998e-05,False
2013fn,-0.0009849999999999998,False
2013fy,-0.000675000000000002,False
2013gs,0.0006679999999999985,False
2013hh,0.0011369999999999991,False
2013hn,0.0009060000000000006,False
2013Q,-0.0011450000000000002,False
2014at,-0.0006979999999999972,False
2014bv,0.0001460000000000003,False
2014cd,-4.000000000000184e-05,False
2014dg,-0.0002899999999999999,False
2014dt,0.0011580000000000002,False
2014eg,-0.0002920000000000006,False
2014ek,-0.0011450000000000002,False
2014I,0.00022099999999999898,False
2014R,0.00051,False
2015bp,0.0006370000000000004,False
2015F,0.00039599999999999965,False
2008J,-0.0007439999999999999,False
2008ha,-0.0012090000000000004,False
2009J,0.0002020000000000008,False
2010ae,0.00046999999999999993,False
2012ht,0.00113,False
2001bg,0.000771,False
2019np,0.0009789999999999998,False
1999bh,0.00046299999999999814,False
1999dg,0.0005719999999999996,False
2000cp,0.0002930000000000016,False
2000cu,-0.0005479999999999999,False
2000cw,-0.001169,False
2000dg,-0.001244000000000002,False
2000dm,-0.00039000000000000146,False
2000dn,-0.0012519999999999962,False
2000dr,-0.0010229999999999996,False
2001bp,0.00022099999999999898,False
2001br,-0.0004359999999999989,False
2001cj,0.0008240000000000018,False
2001ck,0.0005990000000000023,False
2001dl,-0.001118000000000001,False
2001E,0.0012400000000000015,False
2001ex,0.00018800000000000067,False
2002aw,3.900000000000084e-05,False
2002cf,0.001129999999999999,False
2002cs,-0.00046100000000000134,False
2002cu,-0.00035500000000000115,False
2002dl,-0.0010980000000000018,False
2002eb,-0.0011779999999999985,False
2002ef,-0.0011639999999999984,False
2002el,-0.0009440000000000004,False
2002jg,-0.0011300000000000008,False
2003gn,-0.001222999999999995,False
2003gq,-0.0011369999999999991,False
2003gs,-0.0008019999999999998,False
2003gt,-0.0009700000000000004,False
2003he,-0.0012210000000000033,False
2003hv,-0.000516,False
2003Y,0.0004299999999999998,False
2004at,0.000503,False
2004bd,0.000961,False
2004bk,0.0009930000000000008,False
2004br,0.001176,False
2004bv,-0.0007770000000000016,False
2004bw,0.0006679999999999985,False
2004E,0.0008359999999999999,False
2004fz,-0.0008609999999999972,False
2004S,0.000501999999999999,False
2005bc,0.00051,False
2005cc,0.0005880000000000008,False
2005de,-0.00031400000000000004,False
2005dm,-0.0008270000000000013,False
2008cl,7.899999999999574e-05,False
2008ei,-0.001118000000000001,False
SNF20071021-000,-0.0012040000000000002,False
SNF20080514-002,0.0009820000000000002,False
SNF20080909-030,-0.0012080000000000007,False
2017gup,-0.0005569999999999985,False
2017hoq,8.800000000000127e-05,False
2018enc,0.0006049999999999979,False
2018fop,-0.0010450000000000008,False
2018jjd,-0.0001349999999999997,False
ASASSN-16bn,-0.0006390000000000007,False
ASASSN-16es,0.001233999999999999,False
ASASSN-16hh,-0.0009099999999999976,False
ASASSN-16lc,-0.0003149999999999993,False
ASASSN-18da,-0.0004299999999999998,False
ASASSN-18iu,-0.00027900000000000147,False
2019ein,0.0006180000000000005,False
2021pit,-0.00021700000000000018,False
2021hpr,0.00019800000000000026,False
2015bo,0.0007980000000000001,False
722,-0.0012980000000000075,False
739,-0.0012119999999999909,False
744,-0.0013090000000000046,False
762,-0.0012879999999999836,False
774,-0.0010570000000000024,False
1032,-0.0007160000000000222,False
1112,-0.0015200000000000213,False
1119,-0.0014129999999999976,False
1166,-0.001576999999999995,False
1241,-0.0013099999999999917,False
1253,-0.0014120000000000243,False
1316,-0.0014530000000000098,False
1371,-0.00137000000000001,False
1580,-0.0007759999999999989,False
1688,-0.0014899999999999913,False
1794,-0.0012090000000000156,False
2017,-0.0014639999999999653,False
2030,-0.0012169999999999959,False
2031,-0.0011410000000000031,False
2102,-0.0010900000000000076,False
2165,-0.001377000000000017,False
2246,-0.0006779999999999842,False
2308,-0.0009709999999999996,False
2330,-0.0014069999999999916,False
2372,-0.0008739999999999859,False
2422,-0.0015060000000000073,False
2440,-0.0008430000000000104,False
2533,-0.0011920000000000264,False
2561,-0.0007169999999999954,False
2635,-0.0005900000000000072,False
2689,-0.0011319999999999941,False
2789,-0.001576999999999995,False
2916,-0.0011700000000000044,False
2943,-0.0013460000000000139,False
2992,-0.0005209999999999937,False
3080,-0.0012520000000000031,False
3087,-0.0011989999999999779,False
3199,-0.0014849999999999863,False
3256,-0.0012850000000000084,False
3317,-0.0011039999999999939,False
3377,-0.0006150000000000044,False
3451,-0.001488000000000017,False
3452,-0.001468999999999998,False
3592,-0.0011390000000000011,False
3901,-0.0011590000000000003,False
4000,-0.0011390000000000011,False
4046,-0.0015570000000000306,False
4241,-0.00148100000000001,False
4524,-0.0006970000000000032,False
4679,-0.001358999999999999,False
5103,-0.0013930000000000053,False
5183,-0.0007039999999999824,False
5350,-0.0010900000000000076,False
5391,-0.0006809999999999872,False
5395,-0.0006460000000000077,False
5533,-0.0014119999999999966,False
5549,-0.0013230000000000047,False
5550,-0.001363000000000003,False
5588,-0.001674999999999982,False
5635,-0.0013970000000000093,False
5717,-0.0013259999999999939,False
5736,-0.0012550000000000061,False
5737,-0.0013940000000000063,False
5751,-0.0012679999999999914,False
5844,-0.0015040000000000053,False
5944,-0.0009599999999999956,False
5957,-0.0010689999999999866,False
5966,-0.0014120000000000243,False
5994,-0.0011879999999999946,False
6057,-0.0005549999999999999,False
6100,-0.0015659999999999563,False
6108,-0.001497000000000026,False
6127,-0.0015499999999999958,False
6137,-0.0012220000000000009,False
6192,-0.0015610000000000346,False
6196,-0.0015410000000000146,False
6249,-0.0015249999999999986,False
6295,-0.0010690000000000005,False
6304,-0.0011410000000000031,False
6315,-0.0012360000000000149,False
6406,-0.0007209999999999994,False
6422,-0.0014490000000000058,False
6558,-0.0010709999999999956,False
6649,-0.0011120000000000019,False
6699,-0.0014500000000000068,False
6773,-0.0009800000000000086,False
6777,-0.0015379999999999838,False
6780,-0.0013880000000000003,False
6924,-0.0015999999999999903,False
6933,-0.001367000000000007,False
6936,-0.0013110000000000066,False
7017,-0.0011240000000000139,False
7143,-0.001595000000000013,False
7147,-0.001356999999999997,False
7243,-0.0013890000000000013,False
7473,-0.0014280000000000126,False
7475,-0.001548999999999967,False
7512,-0.0006480000000000097,False
7779,-0.001336999999999977,False
7847,-0.0010559999999999736,False
7876,-0.0011269999999999891,False
8030,-0.0010670000000000401,False
8046,-0.0009650000000000492,False
8151,-0.0011680000000000006,False
8213,-0.0014280000000000126,False
8495,-0.0014490000000000058,False
8598,-0.0009590000000000432,False
8719,-0.0012840000000000074,False
8921,-0.0012919999999999876,False
9032,-0.0015100000000000113,False
9045,-0.0016999999999999793,False
9207,-0.001409000000000049,False
9457,-0.0015069999999999806,False
9467,-0.0014160000000000006,False
10096,-0.0009860000000000008,False
10434,-0.0012820000000000054,False
10449,-0.0014889999999999903,False
10550,-0.001587000000000005,False
10805,-0.0012769999999999934,False
11067,-0.0009549999999999975,False
11206,-0.0016349999999999976,False
11300,-0.0013139999999999818,False
11452,-0.001477000000000006,False
11557,-0.0010290000000000021,False
11650,-0.001373000000000013,False
11864,-0.0012400000000000189,False
12136,-0.0016490000000000116,False
12779,-0.0010399999999999993,False
12780,-0.0011610000000000023,False
12781,-0.0012609999999999982,False
12841,-0.001413000000000053,False
12843,-0.0013020000000000254,False
12851,-0.0015249999999999986,False
12853,-0.0012280000000000069,False
12855,-0.0013679999999999803,False
12856,-0.0013869999999999993,False
12860,-0.0012559999999999932,False
12869,-0.001466999999999996,False
12881,-0.0014009999999999856,False
12883,-0.0013079999999999758,False
12897,-0.001072,False
12898,-0.0010310000000000041,False
12907,-0.0011680000000000024,False
12927,-0.0008589999999999987,False
12928,-0.0010199999999999931,False
12930,-0.0011029999999999929,False
12950,-0.0013190000000000007,False
12971,-0.0014300000000000146,False
12972,-0.001446999999999976,False
12977,-0.0013729999999999853,False
12983,-0.0013599999999999723,False
13005,-0.0010610000000000064,False
13025,-0.0014909999999999923,False
13038,-0.001355000000000009,False
13044,-0.0013309999999999989,False
13045,-0.0014440000000000008,False
13070,-0.0014419999999999988,False
13072,-0.001467999999999997,False
13099,-0.0015109999999999846,False
13135,-0.0012960000000000055,False
13136,-0.001593000000000011,False
13152,-0.0013910000000000033,False
13254,-0.0008429999999999827,False
13305,-0.0014260000000000106,False
13327,-0.0015490000000000226,False
13354,-0.0010859999999999759,False
13370,-0.0011359999999999981,False
13411,-0.0011990000000000056,False
13425,-0.001464999999999994,False
13506,-0.0012070000000000136,False
13511,-0.0009130000000000249,False
13518,-0.0013900000000000023,False
13578,-0.0013100000000000056,False
13610,-0.001477000000000006,False
13641,-0.0014869999999999883,False
13655,-0.0009649999999999936,False
13689,-0.0014739999999999753,False
13727,-0.0012999999999999956,False
13736,-0.0013849999999999973,False
13757,-0.0015740000000000198,False
13796,-0.0014049999999999896,False
13830,-0.0016240000000000143,False
13835,-0.0014490000000000058,False
13894,-0.0013360000000000039,False
13934,-0.0016189999999999816,False
13956,-0.0012979999999999658,False
14019,-0.0012719999999999954,False
14024,-0.0012250000000000039,False
14108,-0.0005669999999999842,False
14157,-0.0006690000000000029,False
14212,-0.0014099999999999946,False
14261,-0.001483000000000012,False
14279,-0.0011009999999999978,False
14284,-0.0006940000000000002,False
14298,-0.0013080000000000314,False
14318,-0.0012829999999999994,False
14331,-0.0014029999999999876,False
14397,-0.0016059999999999963,False
14421,-0.0010380000000000111,False
14437,-0.0013500000000000179,False
14451,-0.0011140000000000039,False
14456,-0.0016260000000000163,False
14481,-0.001471,False
14735,-0.0010800000000000254,False
14782,-0.0011819999999999886,False
14815,-0.0012209999999999999,False
14816,-0.0013309999999999989,False
14846,-0.0014100000000000223,False
14871,-0.0005509999999999959,False
14979,-0.0005630000000000079,False
14984,-0.0012140000000000206,False
15129,-0.0012819999999999776,False
15132,-0.001342999999999983,False
15161,-0.0010249999999999981,False
15170,-0.0005789999999999962,False
15171,-0.0010159999999999891,False
15201,-0.001454999999999984,False
15203,-0.0013029999999999986,False
15213,-0.0006729999999999792,False
15217,-0.001389000000000029,False
15219,-0.0010459999999999914,False
15222,-0.0014200000000000046,False
15229,-0.0014389999999999958,False
15234,-0.0012169999999999959,False
15259,-0.001455999999999985,False
15287,-0.0013809999999999933,False
15340,-0.0013769999999999893,False
15354,-0.0014139999999999986,False
15356,-0.0015229999999999966,False
15365,-0.001446999999999976,False
15369,-0.0015079999999999816,False
15383,-0.0011120000000000019,False
15421,-0.0010110000000000119,False
15425,-0.0005390000000000117,False
15433,-0.0013289999999999969,False
15440,-0.0009540000000000104,False
15443,-0.0006769999999999832,False
15453,-0.0012739999999999974,False
15456,-0.0016229999999999856,False
15459,-0.001365000000000005,False
15461,-0.001353999999999994,False
15466,-0.0013170000000000126,False
15467,-0.0013090000000000046,False
15508,-0.0010719999999999896,False
15583,-0.0009289999999999854,False
15584,-0.0008900000000000019,False
15648,-0.0011899999999999966,False
15674,-0.0014550000000000118,False
15704,-0.0010260000000000269,False
15756,-0.0016570000000000196,False
15776,-0.0011359999999999704,False
15868,-0.0009760000000000046,False
15872,-0.0009699999999999986,False
15897,-0.0013110000000000066,False
15901,-0.0010560000000000014,False
16000,-0.0014310000000000156,False
16021,-0.001235,False
16032,-0.0008169999999999844,False
16069,-0.001368000000000008,False
16072,-0.0015140000000000153,False
16073,-0.0013219999999999898,False
16093,-0.0016369999999999996,False
16099,-0.0011410000000000031,False
16100,-0.0010680000000000134,False
16106,-0.0014699999999999713,False
16108,-0.0010340000000000071,False
16116,-0.0013999999999999846,False
16165,-0.0010519999999999974,False
16185,-0.0011769999999999975,False
16206,-0.0013500000000000179,False
16211,-0.001605000000000023,False
16213,-0.0014299999999999868,False
16215,-0.0011040000000000008,False
16232,-0.001462999999999992,False
16259,-0.001368000000000008,False
16276,-0.0012330000000000119,False
16280,-0.0011349999999999971,False
16281,-0.001443999999999973,False
16287,-0.0007009999999999933,False
16314,-0.0011570000000000052,False
16333,-0.001238000000000003,False
16350,-0.001379000000000019,False
16352,-0.0015290000000000026,False
16357,-0.001605000000000023,False
16392,-0.0009909999999999988,False
16402,-0.0015169999999999906,False
16414,-0.001585000000000003,False
16421,-0.0007119999999999904,False
16442,-0.001489000000000018,False
16473,-0.0014089999999999936,False
16482,-0.0014029999999999876,False
16541,-0.00048499999999998544,False
16567,-0.001322999999999963,False
16578,-0.0010659999999999836,False
16618,-0.0012140000000000206,False
16619,-0.0010699999999999876,False
16631,-0.0005840000000000012,False
16637,-0.0014250000000000096,False
16641,-0.0011180000000000079,False
16644,-0.001042000000000043,False
16692,-0.001125999999999995,False
16737,-0.0012019999999999809,False
16748,-0.0014139999999999986,False
16758,-0.0016169999999999796,False
16774,-0.0010079999999999811,False
16776,-0.0015490000000000226,False
16779,-0.0009219999999999784,False
16781,-0.0007070000000000132,False
16789,-0.0009080000000000199,False
16793,-0.0013930000000000053,False
16836,-0.0014330000000000176,False
16847,-0.001558999999999977,False
16872,-0.0012839999999999935,False
16894,-0.0005809999999999982,False
16899,-0.0006760000000000099,False
16938,-0.0016890000000000516,False
16953,-0.0014939999999999953,False
16956,-0.0009580000000000005,False
17048,-0.0011510000000000131,False
17081,-0.0012019999999999809,False
17106,-0.0007630000000000137,False
17117,-0.0008420000000000094,False
17168,-0.0014319999999999888,False
17171,-0.0013190000000000146,False
17174,-0.0011800000000000005,False
17176,-0.0013029999999999986,False
17186,-0.0009509999999999935,False
17208,-0.001361000000000001,False
17215,-0.0005660000000000109,False
17218,-0.0014269999999999838,False
17220,-0.0013380000000000059,False
17223,-0.0011889999999999956,False
17240,-0.0012230000000000019,False
17253,-0.0013709999999999833,False
17258,-0.000895999999999994,False
17263,-0.001244000000000002,False
17274,-0.0014339999999999908,False
17280,-0.0005200000000000204,False
17332,-0.0008100000000000052,False
17340,-0.0009190000000000031,False
17366,-0.0011789999999999856,False
17389,-0.0013009999999999966,False
17391,-0.0014470000000000038,False
17435,-0.0012570000000000081,False
17460,-0.0008920000000000039,False
17464,-0.0014540000000000108,False
17497,-0.0009099999999999941,False
17500,-0.001229000000000001,False
17528,-0.0013299999999999979,False
17552,-0.0013809999999999656,False
17568,-0.0011519999999999864,False
17605,-0.0010970000000000146,False
17629,-0.0010180000000000189,False
17745,-0.0012550000000000061,False
17784,-0.0005439999999999959,False
17790,-0.0009830000000000116,False
17791,-0.0015200000000000213,False
17801,-0.0012530000000000041,False
17809,-0.0014919999999999933,False
17811,-0.0013420000000000099,False
17825,-0.0010020000000000029,False
17875,-0.0012659999999999894,False
17880,-0.0007150000000000073,False
17884,-0.0011690000000000034,False
17886,-0.0005170000000000036,False
18030,-0.001350999999999991,False
18091,-0.001367000000000007,False
18241,-0.0010930000000000106,False
18298,-0.0011800000000000005,False
18323,-0.001362000000000002,False
18325,-0.0014379999999999948,False
18375,-0.0012439999999999951,False
18415,-0.001364000000000004,False
18456,-0.0011150000000000049,False
18463,-0.001348999999999989,False
18466,-0.0007350000000000134,False
18485,-0.0007789999999999742,False
18486,-0.0005880000000000052,False
18602,-0.0013779999999999903,False
18604,-0.0014300000000000146,False
18612,-0.0012439999999999951,False
18617,-0.0016260000000000163,False
18650,-0.0012859999999999955,False
18697,-0.0012409999999999921,False
18721,-0.0016559999999999908,False
18740,-0.0012379999999999891,False
18749,-0.0013249999999999929,False
18751,-0.0012490000000000001,False
18768,-0.0012829999999999786,False
18782,-0.0010399999999999854,False
18787,-0.0010809999999999986,False
18804,-0.0011629999999999974,False
18807,-0.0007550000000000057,False
18809,-0.0006299999999999917,False
18835,-0.0005630000000000079,False
18839,-0.0012680000000000469,False
18855,-0.0006740000000000079,False
18890,-0.0011429999999999912,False
18927,-0.0007650000000000157,False
18940,-0.0013719999999999843,False
18945,-0.001426999999999956,False
18965,-0.0013330000000000009,False
19002,-0.0008949999999999791,False
19003,-0.0011359999999999981,False
19008,-0.001446999999999976,False
19023,-0.0011549999999999894,False
19025,-0.0015020000000000033,False
19027,-0.0014949999999999686,False
19029,-0.0015399999999999858,False
19033,-0.001464999999999994,False
19051,-0.0015620000000000078,False
19070,-0.0017460000000000253,False
19101,-0.001381000000000021,False
19128,-0.0015650000000000386,False
19149,-0.0010719999999999896,False
19155,-0.0009580000000000005,False
19174,-0.0011290000000000189,False
19207,-0.0014889999999999626,False
19211,-0.0014279999999999848,False
19230,-0.0014470000000000038,False
19282,-0.0014070000000000193,False
19341,-0.0013370000000000049,False
19353,-0.0008050000000000002,False
19381,-0.0006909999999999972,False
19543,-0.00135600000000001,False
19596,-0.0006430000000000047,False
19604,-0.0015180000000000193,False
19616,-0.0009309999999999874,False
19626,-0.000907000000000005,False
19632,-0.0009809999999999541,False
19658,-0.001369000000000009,False
19702,-0.0007750000000000257,False
19757,-0.00172300000000003,False
19775,-0.0012220000000000009,False
19794,-0.0015560000000000018,False
19818,-0.0010819999999999719,False
19899,-0.0013259999999999939,False
19913,-0.0014280000000000126,False
19940,-0.0011940000000000006,False
19953,-0.0013299999999999979,False
19968,-0.0010370000000000032,False
19969,-0.0010320000000000051,False
19990,-0.0010419999999999874,False
19992,-0.001479000000000008,False
20039,-0.0014170000000000016,False
20040,-0.001493000000000022,False
20048,-0.0014370000000000216,False
20051,-0.0014419999999999988,False
20064,-0.0013250000000000067,False
20084,-0.0013930000000000053,False
20088,-0.0013779999999999903,False
20106,-0.0016320000000000223,False
20111,-0.0015129999999999866,False
20142,-0.0013130000000000086,False
20144,-0.001351999999999992,False
20184,-0.001589000000000007,False
20186,-0.0016340000000000243,False
20208,-0.0009069999999999981,False
20227,-0.0015620000000000078,False
20245,-0.0015700000000000158,False
20345,-0.0014239999999999808,False
20350,-0.0011290000000000189,False
20364,-0.0011730000000000074,False
20376,-0.0012999999999999956,False
20430,-0.0011660000000000004,False
20432,-0.0013560000000000239,False
20470,-0.0005929999999999824,False
20528,-0.0007880000000000109,False
20533,-0.0006840000000000179,False
20575,-0.001354999999999995,False
20581,-0.00145099999999998,False
20625,-0.0012889999999999985,False
20687,-0.0012800000000000034,False
20764,-0.0011199999999999821,False
20768,-0.0009129999999999971,False
20821,-0.0005570000000000019,False
20829,-0.001576999999999995,False
20834,-0.0012890000000000124,False
20862,-0.0015149999999999886,False
20889,-0.0006369999999999987,False
20934,-0.0010790000000000521,False
20978,-0.0010929999999999551,False
21006,-0.0007890000000000397,False
21033,-0.0011390000000000011,False
21034,-0.0010380000000000111,False
21042,-0.001350999999999991,False
21062,-0.001350999999999991,False
21422,-0.0014040000000000163,False
21455,-0.0010809999999999986,False
21502,-0.0013230000000000047,False
21510,-0.0013279999999999959,False
21669,-0.0012550000000000061,False
21810,-0.0013970000000000093,False
21814,-0.001344999999999999,False
21839,-0.0011629999999999974,False
21861,-0.0014490000000000058,False
22075,-0.0010290000000000021,False
22182,-0.0011710000000000054,False
22284,-0.0013480000000000159,False
2016afk,0.0011680000000000024,False
2016W,-0.0006989999999999982,False
ASASSN-15bc,-0.0003270000000000009,False
ASASSN-15bm,0.0006620000000000029,False
ASASSN-15fa,-0.00013300000000000117,False
ASASSN-15fs,-0.0005190000000000021,False
ASASSN-15ga,0.0010280000000000003,False
ASASSN-15go,0.00035400000000000015,False
ASASSN-15hg,0.0011509999999999992,False
ASASSN-15hy,-0.0008739999999999998,False
ASASSN-15il,0.00042199999999999876,False
ASASSN-15jl,0.00024400000000000116,False
ASASSN-15jt,0.000896000000000001,False
ASASSN-15kx,-0.0010530000000000019,False
ASASSN-15la,0.0006280000000000001,False
ASASSN-15lg,0.001059000000000001,False
ASASSN-15lu,0.0007160000000000014,False
ASASSN-15mf,0.0008669999999999997,False
ASASSN-15mg,0.0002930000000000016,False
ASASSN-15mi,0.0005900000000000002,False
ASASSN-15np,0.0006339999999999957,False
ASASSN-15nq,-0.00011300000000000199,False
ASASSN-15nr,-0.00011900000000000105,False
ASASSN-15od,-0.0008190000000000003,False
ASASSN-15oh,-0.0010450000000000008,False
ASASSN-15pm,-0.001010999999999998,False
ASASSN-15pn,-0.00035500000000000115,False
ASASSN-15pr,-0.0011999999999999997,False
ASASSN-15py,0.0007500000000000007,False
ASASSN-15sb,0.00030000000000000165,False
ASASSN-15sf,-0.0011859999999999996,False
ASASSN-15so,0.0007080000000000003,False
ASASSN-15ss,0.0003630000000000022,False
ASASSN-15tg,-0.0011610000000000023,False
ASASSN-15ti,-0.0006069999999999999,False
ASASSN-15tz,-0.0006579999999999989,False
ASASSN-15uu,-0.0009900000000000013,False
ASASSN-15uv,0.0007630000000000033,False
ASASSN-15uw,-0.0007720000000000019,False
ASASSN-16ad,-0.0009090000000000001,False
ASASSN-16aj,-0.00021800000000000291,False
ASASSN-16av,0.0010889999999999997,False
ASASSN-16ay,0.0006099999999999994,False
ASASSN-16bc,0.0012010000000000007,False
ASASSN-16bq,0.0008830000000000018,False
ASASSN-16br,0.0004839999999999983,False
ASASSN-16ch,0.001013,False
ASASSN-16ci,-0.000536,False
ASASSN-16cs,0.0003699999999999988,False
ASASSN-16ct,0.0006110000000000004,False
ASASSN-16cy,0.000341000000000001,False
ASASSN-16db,0.0010259999999999991,False
ASASSN-16dn,0.0012110000000000003,False
ASASSN-16dw,0.0009930000000000008,False
ASASSN-16ej,-0.0005900000000000002,False
ASASSN-16em,-5.7999999999999025e-05,False
ASASSN-16et,0.0005479999999999999,False
ASASSN-16ex,-6.500000000000256e-05,False
ASASSN-16fo,0.0010380000000000007,False
ASASSN-16fs,0.0006960000000000022,False
ASASSN-16hc,0.0007160000000000014,False
ASASSN-16hr,-0.001058,False
ASASSN-16hz,-0.0012500000000000011,False
ASASSN-16ip,-0.0006839999999999971,False
ASASSN-16jf,-0.0010430000000000005,False
ASASSN-16la,-0.0008140000000000005,False
ASASSN-16lg,-0.00023799999999999863,False
ASASSN-16oz,0.0010690000000000005,False
ASASSN-17aj,0.0012530000000000006,False
ASASSN-17at,0.0010609999999999994,False
ASASSN-17bd,0.0003439999999999971,False
ASASSN-17bs,-0.00026199999999999835,False
ASASSN-17co,-0.00034500000000000156,False
ASASSN-17eb,0.000456000000000005,False
ASASSN-17fd,0.00047399999999999873,False
AT2016aj,-9.299999999999586e-05,False
AT2016blg,0.0010829999999999937,False
AT2016bln,0.0009489999999999985,False
AT2016cor,0.00041200000000000264,False
AT2016cvv,-0.0005269999999999997,False
AT2016cvw,-0.0012710000000000013,False
AT2016cyt,-0.0010900000000000007,False
AT2016eoa,-0.0011590000000000003,False
AT2016ews,0.0005639999999999951,False
AT2016fbk,-0.0009100000000000011,False
AT2016ghq,-0.0003820000000000004,False
AT2016gky,-0.0009880000000000002,False
AT2016gmg,-0.0010450000000000043,False
AT2016gsu,-0.001130000000000006,False
AT2016hnk,-0.000844000000000001,False
AT2016hns,-0.001130000000000006,False
AT2016htm,-0.0006599999999999939,False
AT2016htn,-0.0008279999999999954,False
AT2017cfb,0.0009119999999999996,False
AT2017cfc,0.000961,False
AT2017cfd,0.00013299999999999944,False
AT2017dfq,0.0011979999999999977,False
AT2017lm,-0.000612999999999999,False
AT2017ns,-0.0007470000000000011,False
AT2017oz,0.0007239999999999955,False
AT2017po,0.0001810000000000006,False
AT2017wb,0.0002720000000000014,False
AT2017ya,-0.0012539999999999912,False
AT2017yk,0.0011969999999999967,False
AT2017zd,0.001011999999999999,False
ATLAS16agv,-1.6000000000002124e-05,False
ATLAS16ahj,0.0005740000000000051,False
ATLAS16bdg,0.0011369999999999991,False
ATLAS16bwu,-0.0010610000000000064,False
ATLAS16cpu,0.00031899999999999984,False
ATLAS16cxr,-0.000341000000000001,False
ATLAS16dod,-0.00043199999999999836,False
ATLAS16dpb,-0.0007019999999999978,False
ATLAS16dqf,-0.0009760000000000012,False
ATLAS16dtf,0.00044399999999999995,False
ATLAS16eej,-0.0011040000000000008,False
ATLAS17ajn,0.001170000000000001,False
ATLAS17ajs,0.0010489999999999944,False
ATLAS17axb,0.0009890000000000038,False
ATLAS17bas,0.0010940000000000012,False
ATLAS17dzg,0.0006149999999999975,False
CSS151120-0,-8.700000000000374e-05,False
CSS160129,0.0007479999999999987,False
CSS160428,0.0005189999999999986,False
CSS161013,-0.001006999999999994,False
Gaia16acv,0.0006120000000000014,False
Gaia16agf,0.00046699999999999867,False
Gaia16aki,0.0003519999999999912,False
Gaia16bba,-0.0011140000000000004,False
Gaia17bci,0.0002940000000000026,False
iPTF16auf,0.0006409999999999992,False
iPTF17dz,0.0008360000000000034,False
iPTF17fs,0.0003100000000000047,False
MASTERJ0134,-0.0009399999999999964,False
MASTERJ2222,-0.0011089999999999989,False
MASTEROTJ08,0.0009810000000000027,False
MASTEROTJ15,0.00046800000000000314,False
PS15adh,0.0011110000000000009,False
PS15ahs,-0.0002960000000000011,False
PS15aii,0.001133000000000002,False
PS15akf,0.0008649999999999977,False
PS15asb,0.0008859999999999979,False
PS15atx,0.001129000000000005,False
PS15bbn,-0.0010850000000000026,False
PS15bdr,-2.0999999999993246e-05,False
PS15bif,-0.0008229999999999904,False
PS15bjg,-0.0013039999999999996,False
PS15brr,-0.0011760000000000034,False
PS15bsq,-0.0012170000000000028,False
PS15bst,-0.0012519999999999892,False
PS15bwh,-0.0011850000000000055,False
PS15bzz,-0.0012330000000000119,False
PS15cfn,-0.0011460000000000081,False
PS15cge,-0.0013230000000000047,False
PS15cku,-0.0010539999999999994,False
PS15cms,0.001237000000000002,False
PS15coh,-0.0008759999999999983,False
PS15cwx,0.0,False
PS15cze,-0.0004580000000000001,False
PS15dpl,-6.000000000002531e-06,False
PS15mt,0.0010760000000000075,False
PS15zn,0.0011750000000000024,False
PS16aer,0.0012109999999999968,False
PS16amf,0.0002349999999999991,False
PS16axi,0.0012659999999999963,False
PS16ayd,0.0008509999999999976,False
PS16bby,0.0008709999999999968,False
PS16bnz,0.0012759999999999994,False
PS16ccn,-0.00036299999999999874,False
PS16cqa,0.0004689999999999972,False
PS16cvc,-0.0010970000000000008,False
PS16dnp,-0.0012899999999999995,False
PS16drf,-0.0011909999999999976,False
PS16ejh,-0.0010799999999999976,False
PS16el,0.0011539999999999953,False
PS16em,0.0013149999999999967,False
PS16eqv,-0.0007029999999999953,False
PS16evk,-0.0012680000000000052,False
PS16ez,0.0011749999999999955,False
PS16fa,0.001232000000000004,False
PS16fbb,-0.001113999999999997,False
PS16n,-5.1999999999996493e-05,False
PS17akj,0.0009939999999999949,False
PS17bii,0.0012810000000000044,False
PS17cjo,0.0011569999999999983,False
PS17ckg,0.000899999999999998,False
PS17tn,0.000787999999999997,False
PS17yt,0.0007009999999999933,False
PSNJ0107203,-0.0010000000000000009,False
PSNJ0153424,-0.000903000000000001,False
PSNJ0252467,-0.0006010000000000008,False
PSNJ0309425,-0.0005770000000000011,False
PSNJ0717457,0.0005339999999999998,False
PSNJ0859349,0.0006239999999999996,False
PSNJ1204051,0.0011689999999999964,False
PSNJ1300323,0.0009110000000000021,False
PSNJ1602512,0.00013699999999999823,False
PSNJ1628383,8.100000000000121e-05,False
PSNJ2043531,-0.0010039999999999997,False
PSNJ2310226,-0.0012809999999999974,False
PSNJ2352371,-0.001233999999999999,False
PTSS-16efw,-0.00015699999999999742,False
PTSS17-niq,0.0008140000000000092,False
SN2016ajf,-0.0005380000000000003,False
SN2016aqa,0.0012990000000000015,False
SN2016aqb,0.0013009999999999966,False
SN2016aqt,0.0008260000000000003,False
SN2016ayg,0.0005930000000000032,False
SN2016blh,0.000895,False
SN2016blm,0.000453000000000002,False
2016coj,0.00036399999999999974,False
SN2016cuv,0.00012199999999999711,False
SN2016esh,0.0003079999999999958,False
SN2016gfr,-0.0003960000000000005,False
SN2016glp,-0.0012740000000000112,False
SN2016glz,-0.001248000000000006,False
SN2016gmb,-0.0011859999999999996,False
SN2016grz,-0.0009240000000000081,False
SN2016hhv,-0.0012650000000000022,False
SN2016hpx,0.0003239999999999979,False
SN2016ixf,0.0012080000000000007,False
SN2017cii,0.0001280000000000031,False
SN2017ciy,-3.0000000000002247e-05,False
SN2017cjv,0.0012610000000000052,False
SN2017ckx,0.0006280000000000001,False
SN2017cne,0.0006320000000000006,False
SN2017coa,0.000449999999999999,False
SN2017cpu,0.0008879999999999999,False
SN2017dez,3.699999999999884e-05,False
SN2017dfu,0.0009419999999999984,False
SN2017dgi,0.0012590000000000032,False
SN2017drh,-0.00013100000000000004,False
SN2017hn,0.001073000000000001,False
SN2017jl,-0.001037999999999999,False
SN2017lc,0.0011940000000000006,False
SN2017mf,0.0005700000000000011,False
SN2017ms,0.000895,False
SN2017mu,0.0010570000000000024,False
SN2017nw,0.0013100000000000056,False
Anguta,0.0006649999999999157,False
Aphrodite,-0.0008779999999999344,False
Borg,0.0009329999999998506,False
Eagle,0.0008040000000000269,False
Elvis,0.0007310000000000372,False
Ferguson,0.0008049999999999446,False
Frodo,-0.0006650000000000267,False
Gabi,0.0008469999999998201,False
Greenburg,-0.0008199999999998209,False
Hawk,0.0005959999999999854,False
Inanna,-0.0008779999999999344,False
Koekemoer,0.0008859999999999424,False
Lancaster,0.0008909999999999751,False
Manipogo,0.0007380000000000164,False
Mcenroe,0.0007559999999999789,False
Mcguire,-0.0009040000000000159,False
Nanna,0.0008470000000000422,False
Ombo,-0.0007559999999999789,False
Patuxent,0.0007800000000000029,False
Qiqirn,0.0006579999999999364,False
Rakke,-0.0006669999999999732,False
Ramone,0.0007790000000000852,False
Sasquatch,0.0009560000000001789,False
SCP05D0,-0.0016410000000000036,False
SCP05D6,-0.0018860000000000543,False
SCP06C0,0.0024039999999998507,False
SCP06G4,0.0013369999999999216,False
SCP06H5,0.0012339999999999574,False
SCP06K0,0.0013110000000000621,False
SCP06R12,-0.0017810000000000326,False
SCP06U4,-0.0018100000000000893,False
Spock,0.0007320000000000659,False
Strolger,0.0008099999999999774,False
Thames,0.0007790000000000852,False
Thoth,-0.0008829999999999671,False
Vilas,0.0007709999999999662,False
Yowie,0.0005819999999999714,False
camille,0.0008870000000000822,False
carter,0.002947000000000033,True
colfax,0.0012950000000002682,False
garner,0.0008269999999999111,False
geta,-0.0029839999999998756,False
Jay,0.0008109999999998951,False
Primo,-0.0009740000000000304,False
rutledge,0.0009879999999999889,False
stone,0.0011120000000000019,False
trajan,-0.002450999999999981,False
vespasian,-0.0023729999999999585,False
washington,-0.0008920000000001149,False
wilson,-0.002398999999999818,False
1997,0.0010990000000001832,False
03D1au,-0.0012079999999999869,False
03D1aw,-0.001266999999999907,False
03D1bp,-0.0010639999999999539,False
03D1co,-0.0013279999999999959,False
03D1dt,-0.0012790000000000301,False
03D1ew,-0.001495000000000024,False
03D1fc,-0.0010600000000000054,False
03D1fq,-0.0014240000000000919,False
03D3aw,0.0005560000000000009,False
03D3bl,0.0005149999999999877,False
03D3cd,0.0005689999999999862,False
03D4ag,-0.0013939999999999508,False
03D4at,-0.001770999999999967,False
03D4au,-0.0015900000000000358,False
03D4cj,-0.0013799999999999923,False
03D4cx,-0.0021160000000000068,False
03D4cy,-0.00208800000000009,False
03D4cz,-0.0018399999999999528,False
03D4dh,-0.0017719999999999958,False
03D4di,-0.0020620000000000083,False
03D4dy,-0.001742999999999939,False
03D4fd,-0.001951000000000036,False
03D4gf,-0.0017129999999999646,False
03D4gg,-0.0017239999999999478,False
04D1aj,-0.0013639999999999208,False
04D1dc,-0.0009609999999999896,False
04D1de,-0.0014000000000000679,False
04D1ff,-0.0014760000000000328,False
04D1hd,-0.0010879999999999779,False
04D1hx,-0.0012450000000000516,False
04D1hy,-0.0014799999999999258,False
04D1iv,-0.0015979999999999883,False
04D1jd,-0.001395000000000035,False
04D1jg,-0.0012580000000000924,False
04D1kj,-0.0012479999999999158,False
04D1ks,-0.0014370000000000216,False
04D1oh,-0.0012699999999999934,False
04D1ow,-0.0015160000000000728,False
04D1pc,-0.001403000000000043,False
04D1pd,-0.0015339999999999243,False
04D1pg,-0.0011980000000000324,False
04D1pp,-0.0013809999999999656,False
04D1pu,-0.0012900000000000134,False
04D1qd,-0.0014009999999999856,False
04D1rh,-0.0011309999999999931,False
04D1rx,-0.0015809999999999436,False
04D1sa,-0.0012479999999999158,False
04D1si,-0.001358999999999999,False
04D1sk,-0.0013319999999999999,False
04D2al,0.002134999999999998,False
04D2an,0.0018820000000000503,False
04D2cf,0.001593000000000011,False
04D2fp,0.0016390000000000016,False
04D2fs,0.001576999999999995,False
04D2gb,0.001688999999999996,False
04D2gc,0.0017699999999999383,False
04D2gp,0.0020050000000000345,False
04D2iu,0.0019740000000000313,False
04D2ja,0.0020170000000000465,False
04D2kr,0.002027000000000001,False
04D2mc,0.0015660000000000118,False
04D2mh,0.0018440000000000678,False
04D2mj,0.0017540000000000333,False
04D3co,0.0006260000000000154,False
04D3cy,0.0006399999999999739,False
04D3dd,0.0007870000000000932,False
04D3df,0.0005800000000000249,False
04D3do,0.0006380000000000274,False
04D3fk,0.0005310000000000037,False
04D3fq,0.0006899999999999684,False
04D3gt,0.0005509999999999682,False
04D3gx,0.0007449999999999957,False
04D3hn,0.0005989999999999052,False
04D3kr,0.0005290000000000017,False
04D3ks,0.0006749999999999812,False
04D3lp,0.0007690000000000197,False
04D3lu,0.0006900000000000794,False
04D3mk,0.0006890000000000507,False
04D3ml,0.0007560000000000899,False
04D3nc,0.0007260000000000044,False
04D3nh,0.0005139999999999589,False
04D3nr,0.0007440000000000779,False
04D3ny,0.0007139999999999924,False
04D3oe,0.0006810000000000427,False
04D4an,-0.0017519999999999758,False
04D4bk,-0.002035000000000009,False
04D4bq,-0.0016800000000000148,False
04D4dm,-0.0019740000000000313,False
04D4dw,-0.0022059999999999302,False
04D4fx,-0.0017660000000000453,False
04D4gg,-0.0015519999999999978,False
04D4hf,-0.0021060000000000523,False
04D4hu,-0.001846999999999932,False
04D4ib,-0.0018409999999999815,False
04D4ic,-0.0018260000000001053,False
04D4id,-0.0019299999999999873,False
04D4ih,-0.0021050000000000235,False
04D4ii,-0.0020280000000000298,False
04D4im,-0.0019050000000000455,False
04D4in,-0.001651000000000069,False
04D4jr,-0.0015979999999999883,False
04D4ju,-0.0016059999999999963,False
04D4jw,-0.0021339999999999693,False
04D4jy,-0.0020970000000000155,False
05D1az,-0.001466999999999996,False
05D1cb,-0.0012919999999999598,False
05D1cc,-0.0012399999999999078,False
05D1ck,-0.0012919999999999598,False
05D1cl,-0.0014609999999999346,False
05D1dn,-0.0012499999999999734,False
05D1dx,-0.0012459999999999694,False
05D1ee,-0.0012480000000000269,False
05D1em,-0.0014919999999999378,False
05D1eo,-0.0013819999999999943,False
05D1er,-0.0014819999999999833,False
05D1hk,-0.0010090000000000376,False
05D1hm,-0.0012469999999999981,False
05D1if,-0.0014100000000000223,False
05D1ix,-0.0011919999999999709,False
05D1iz,-0.0014729999999999466,False
05D1ke,-0.0013339999999999463,False
05D1kl,-0.0012480000000000269,False
05D2ab,0.0015390000000000126,False
05D2ac,0.001711000000000018,False
05D2ay,0.002230999999999983,False
05D2bt,0.001950999999999925,False
05D2bv,0.001715000000000022,False
05D2bw,0.0022199999999999998,False
05D2by,0.0021919999999999717,False
05D2cb,0.0016530000000000156,False
05D2ci,0.0018899999999999473,False
05D2ck,0.0019689999999999985,False
05D2ct,0.0020160000000000178,False
05D2dt,0.001831000000000027,False
05D2dw,0.0016410000000000036,False
05D2dy,0.0017540000000000333,False
05D2eb,0.001778999999999975,False
05D2ec,0.0019019999999999593,False
05D2fq,0.0020050000000000345,False
05D2hc,0.0015670000000000406,False
05D2he,0.0018679999999999808,False
05D2ie,0.0015640000000000098,False
05D2le,0.0019770000000000065,False
05D2mp,0.0015679999999999583,False
05D2my,0.002291000000000043,False
05D2nn,0.0021619999999999973,False
05D2nt,0.002039000000000013,False
05D2ob,0.0022299999999999542,False
05D3ax,0.0006359999999999699,False
05D3cf,0.0005630000000000357,False
05D3ci,0.0005819999999999714,False
05D3cq,0.0007220000000000004,False
05D3cx,0.0006889999999999397,False
05D3dd,0.0005630000000000357,False
05D3dh,0.0006899999999999684,False
05D3gp,0.0005979999999999874,False
05D3gv,0.0006450000000000067,False
05D3ha,0.0006879999999999109,False
05D3hh,0.0006770000000000387,False
05D3hs,0.0006309999999999372,False
05D3ht,0.0007289999999999797,False
05D3jb,0.0006589999999999652,False
05D3jh,0.0006740000000000634,False
05D3jk,0.0006840000000000179,False
05D3jq,0.0005940000000000945,False
05D3jr,0.0005260000000000264,False
05D3km,0.0007329999999999837,False
05D3kp,0.0007220000000000004,False
05D3kt,0.0006340000000000234,False
05D3kx,0.00045700000000001295,False
05D3la,0.0007469999999999422,False
05D3lb,0.0006329999999999947,False
05D3lc,0.0005580000000000029,False
05D3lr,0.0005970000000000697,False
05D3mh,0.0006479999999999819,False
05D3mn,0.0006920000000000259,False
05D3mq,0.0004880000000000162,False
05D3mx,0.0005680000000000129,False
05D4af,-0.0016260000000000163,False
05D4ag,-0.001770999999999967,False
05D4av,-0.0016329999999999956,False
05D4be,-0.0016780000000000683,False
05D4bf,-0.0017199999999999438,False
05D4bi,-0.0019240000000000368,False
05D4bj,-0.0018399999999999528,False
05D4bm,-0.001493000000000022,False
05D4cn,-0.0019160000000000288,False
05D4cq,-0.0018359999999999488,False
05D4cs,-0.0019450000000000855,False
05D4cw,-0.0014919999999999933,False
05D4dt,-0.0015259999999999718,False
05D4dw,-0.0020120000000000138,False
05D4dy,-0.0019570000000000976,False
05D4ef,-0.0017319999999999558,False
05D4ej,-0.001714999999999911,False
05D4ek,-0.0016690000000000316,False
05D4ev,-0.0018659999999999233,False
05D4ff,-0.0015200000000000213,False
05D4fg,-0.0020009999999999195,False
05D4fo,-0.0014959999999999973,False
05D4gw,-0.001964000000000077,False
05D4hn,-0.0020000000000000018,False
06D2bk,0.001735000000000042,False
06D2ca,0.0017730000000000246,False
06D2cc,0.0017739999999999423,False
06D2cd,0.002238999999999991,False
06D2ce,0.0021130000000000315,False
06D2ck,0.0018049999999999455,False
06D2ga,0.0021330000000000515,False
06D2gb,0.001674999999999982,False
06D3bz,0.0006690000000000307,False
06D3cc,0.0006529999999999037,False
06D3df,0.0005419999999999869,False
06D3do,0.0006720000000000059,False
06D3ed,0.0005429999999999602,False
06D3el,0.0006049999999999667,False
06D3em,0.0006460000000000354,False
06D3en,0.0007939999999999614,False
06D3et,0.0006059999999999954,False
06D3gh,0.0006740000000000634,False
06D3gx,0.0006840000000000179,False
06D4ba,-0.0018380000000000063,False
06D4bo,-0.0016890000000000516,False
06D4bw,-0.0018770000000000175,False
06D4ce,-0.0020200000000000218,False
06D4cl,-0.0021799999999999597,False
06D4co,-0.0015580000000000038,False
06D4cq,-0.0015339999999999798,False
06D4dh,-0.0014139999999999708,False
000006,-0.0004609999999999892,False
000010,0.0014369999999999938,False
000011,0.001599000000000017,False
000014,-0.0009129999999999971,False
000034,-0.0010099999999999554,False
000038,-0.0009389999999999954,False
000091,0.0006690000000000029,False
000137,0.0005819999999999992,False
000142,0.0007320000000000104,False
000174,0.0006730000000000069,False
000190,0.0012690000000000062,False
000196,0.001562999999999981,False
000199,0.0015979999999999883,False
000202,0.0018839999999999968,False
000215,0.0017020000000000368,False
000220,0.0014149999999999996,False
000236,0.0007240000000000024,False
000248,-0.0009740000000000026,False
000420,0.0015200000000000213,False
010043,0.0006639999999999979,False
020021,0.0007389999999999897,False
020027,0.0007749999999999979,False
020090,0.0005539999999999989,False
020096,0.0006289999999999907,False
020132,0.0013319999999999999,False
020176,0.0005100000000000104,False
030006,0.0007570000000000077,False
030066,0.0014160000000000006,False
040111,0.0015920000000000378,False
040137,0.0005620000000000069,False
040150,0.0007389999999999897,False
040166,0.0005399999999999849,False
040201,0.0008739999999999859,False
040301,0.0005180000000000184,False
040780,6.30000000000075e-05,False
040782,9.100000000000774e-05,False
050003,9.399999999998299e-05,False
050005,0.0006059999999999954,False
050044,0.0004929999999999657,False
050088,0.0008650000000000047,False
050201,0.00011200000000000099,False
050203,9.200000000009201e-05,False
050221,0.0005950000000000122,False
050251,0.0005189999999999917,False
050291,4.8000000000048004e-05,False
050293,5.100000000002325e-05,False
050296,6.40000000000085e-05,False
050301,4.300000000001525e-05,False
050303,9.00000000000345e-05,False
050577,0.0010099999999999554,False
050580,0.0005979999999999874,False
050596,0.0009719999999999729,False
050601,0.0009380000000000499,False
050607,0.0005610000000000337,False
070242,-0.0008400000000000074,False
070955,9.899999999996023e-05,False
080308,7.399999999996298e-05,False
080646,-0.001574999999999993,False
080723,-0.0011730000000000351,False
080735,-0.0019440000000000568,False
090034,0.0006280000000000001,False
090037,0.0006859999999999922,False
090201,-0.001835000000000031,False
090275,-0.0004159999999999997,False
091869,-0.0015679999999999583,False
100020,0.0007570000000000077,False
100090,0.0007230000000000014,False
100101,0.0008739999999999859,False
100163,-0.0010659999999999559,False
100206,-0.0004740000000000022,False
100213,-0.0004939999999999944,False
100358,-0.0016700000000000048,False
100405,-0.0004159999999999997,False
110024,-0.0018409999999999815,False
110030,-0.0014409999999999978,False
110031,-0.0015779999999999683,False
110033,-0.0009919999999999929,False
110034,-0.001475000000000004,False
110036,-0.0014350000000000196,False
110425,0.0008329999999999727,False
110426,0.0008920000000000039,False
110430,0.0008520000000000194,False
110431,0.0008099999999999774,False
110460,-0.00044399999999999995,False
110478,-0.00047599999999997644,False
110484,0.0008700000000000374,False
110536,-0.0004539999999999822,False
110542,0.0008420000000000094,False
110567,-0.0004840000000000122,False
110716,0.0007739999999999969,False
110719,0.0008440000000000114,False
110721,0.0009339999999999904,False
110734,0.0008170000000000122,False
120044,0.001707000000000014,False
120085,0.0015359999999999818,False
120086,0.0016200000000000103,False
120094,0.001686999999999994,False
120143,0.0005960000000000132,False
120225,0.0012830000000000064,False
120243,-0.0010710000000000441,False
120336,0.0013410000000000089,False
120369,0.001548999999999967,False
120400,0.0015590000000000326,False
120444,-0.0005279999999999729,False
120585,-0.0010110000000000119,False
120586,-0.0004950000000000232,False
130451,-0.0004380000000000217,False
130514,0.0006440000000000057,False
130755,0.0009050000000000447,False
130862,0.0009019999999999584,False
130943,7.599999999996498e-05,False
130945,3.599999999998049e-05,False
140152,0.0006359999999999977,False
150254,0.0008830000000000227,False
150455,4.400000000000237e-05,False
150457,0.0006939999999999724,False
150509,0.00010099999999996223,False
150522,0.0014380000000000226,False
151034,0.0007850000000000079,False
151425,6.40000000000085e-05,False
160039,0.0008499999999999619,False
160066,0.0010519999999999419,False
160070,7.499999999999174e-05,False
160126,0.0007280000000000064,False
160197,0.00010799999999999699,False
160198,8.60000000000305e-05,False
160200,9.500000000001174e-05,False
160214,0.0006099999999999994,False
160287,0.0006150000000000322,False
170078,0.0008869999999999711,False
170428,7.20000000000165e-05,False
170532,5.3999999999998494e-05,False
180166,6.70000000000115e-05,False
180313,5.900000000003125e-05,False
180561,-0.001468999999999998,False
190209,-0.0016219999999999568,False
190230,-0.0013560000000000239,False
190237,6.20000000000065e-05,False
190260,-0.0013580000000000259,False
190340,-0.001355999999999996,False
200132,-0.0014379999999999948,False
300179,-0.0014429999999999998,False
310025,-0.0009319999999999884,False
310039,-0.0009409999999999974,False
310042,-0.0015079999999999816,False
310051,-0.0015470000000000206,False
310073,-0.00042499999999998095,False
310090,-0.001644999999999952,False
310091,-0.0018380000000000063,False
310146,-0.0005729999999999902,False
310161,-0.0015260000000000273,False
310188,-0.0010729999999999906,False
310238,-0.0010459999999999914,False
310260,-0.0012110000000000731,False
310574,-0.0015099999999999836,False
320099,-0.0011090000000000266,False
320258,-0.0011000000000000454,False
320469,-0.0011320000000000219,False
330022,-0.0010350000000000081,False
330023,-0.0009580000000000144,False
330083,0.0007290000000000074,False
330089,-0.0010760000000000214,False
330106,0.0009109999999999951,False
330107,0.0007520000000000027,False
330112,-0.0009500000000000064,False
330128,-0.0010459999999999914,False
330143,-0.001451999999999981,False
330146,-0.0009030000000000149,False
340169,0.0008580000000000254,False
340211,-0.0010620000000000074,False
340218,-0.0009539999999999826,False
340222,-0.0010049999999999781,False
340229,-0.0009239999999999804,False
340232,-0.00043999999999999595,False
340242,-0.0005260000000000264,False
340272,-0.0009540000000000104,False
340276,-0.0005269999999999997,False
340316,-0.0009319999999999884,False
340334,0.0006840000000000179,False
350027,0.0006829999999999892,False
350047,0.0006369999999999987,False
350050,0.0007239999999999469,False
350078,0.0007810000000000317,False
350080,0.0007680000000000464,False
350083,0.0008040000000000269,False
350180,-0.0004829999999999557,False
350192,0.001497000000000026,False
350233,0.001344999999999985,False
350235,0.0008440000000000114,False
350316,0.0006560000000000038,False
350374,0.0009010000000000407,False
350548,0.0006710000000000049,False
350606,-0.0004979999999999984,False
350607,-0.0006140000000000034,False
350630,0.0006520000000000414,False
350733,0.0016710000000000336,False
360112,0.0007120000000000182,False
360139,0.0009359999999999924,False
360140,0.0008279999999999954,False
360145,0.0005989999999999884,False
370066,0.0006620000000000098,False
370098,0.0014139999999999986,False
370189,0.0005640000000000089,False
370308,0.0007349999999999857,False
370329,0.0017269999999999786,False
370333,0.0005740000000000051,False
370344,0.0015459999999999918,False
370367,0.0016980000000000328,False
370369,0.0013910000000000033,False
370394,0.0007969999999999922,False
370428,0.0008019999999999972,False
370498,0.0008639999999999759,False
370563,0.0013779999999999903,False
370566,0.0005440000000000028,False
370589,0.0015000000000000013,False
370595,0.001376000000000016,False
380040,0.0019419999999999993,False
380046,0.0012659999999999894,False
380199,0.0005529999999999702,False
380279,0.0015580000000000038,False
380318,0.0015490000000000226,False
380378,0.0004939999999999944,False
390259,7.899999999999574e-05,False
390264,7.499999999999174e-05,False
390314,0.0007579999999999809,False
390449,7.60000000000205e-05,False
390471,0.0005280000000000284,False
390627,0.00045300000000000895,False
420087,-0.0015239999999999976,False
420136,-0.0015219999999999678,False
420159,-0.0014059999999999906,False
420196,-0.001583000000000001,False
420258,-0.0015590000000000326,False
420352,-0.0011349999999999971,False
420407,-0.001480000000000009,False
420414,-0.0015399999999999858,False
420417,-0.0016149999999999776,False
430003,-0.0015740000000000198,False
430004,-0.0015040000000000053,False
440005,-0.0004930000000000212,False
440008,-0.00043899999999999495,False
440039,-0.0015249999999999986,False
440042,-0.0009369999999999934,False
440050,-0.001532999999999951,False
440162,-0.0017269999999999786,False
440185,-0.00048199999999998244,False
440236,-0.0011220000000000119,False
440264,-0.0015539999999999998,False
440285,-0.0009319999999999884,False
440509,-0.0010780000000000234,False
440643,-0.00045300000000000895,False
450020,-0.0012940000000000035,False
450082,-0.0015229999999999966,False
450175,-0.0005739999999999634,False
450339,-0.0011299999999999644,False
460003,0.0006700000000000039,False
460004,-0.0009740000000000026,False
460037,-0.00046399999999996444,False
460064,-0.0004689999999999972,False
460105,0.0007080000000000142,False
470001,-0.00039600000000000746,False
470008,-0.0004649999999999932,False
470015,-0.0004810000000000092,False
470041,0.0007899999999999574,False
470043,0.0006119999999999876,False
470047,0.0006140000000000034,False
470110,-0.0005319999999999769,False
470232,0.0006849999999999912,False
470240,0.0008179999999999854,False
470244,0.0008140000000000369,False
480059,0.0007990000000000219,False
480064,0.0007130000000000192,False
480162,0.0012049999999999977,False
480184,0.0007959999999999634,False
480464,0.0014089999999999936,False
490008,0.0006710000000000049,False
490037,0.0016550000000000176,False
490521,0.001546999999999965,False
490563,0.0007109999999999964,False
500004,0.0005220000000000224,False
500057,0.0005169999999999897,False
500065,0.0004810000000000092,False
500100,0.0007699999999999929,False
500301,0.0005040000000000044,False
500504,0.00047699999999997744,False
500511,0.0009049999999999891,False
510082,0.0012500000000000011,False
510113,0.0008980000000000099,False
510251,4.300000000001525e-05,False
510266,0.0005859999999999754,False
510457,0.0009959999999999969,False
510550,6.20000000000065e-05,False
510578,0.00011600000000000499,False
510597,0.0009790000000000076,False
510638,5.699999999997374e-05,False
520007,0.0006729999999999792,False
520008,0.0006619999999999959,False
520016,0.0009959999999999969,False
520019,9.300000000000974e-05,False
520022,0.0004090000000000066,False
520023,3.700000000000925e-05,False
520041,0.0010949999999999571,False
520062,5.3999999999998494e-05,False
520071,0.0005190000000000472,False
520077,4.100000000001325e-05,False
520107,0.0010299999999999754,False
520188,0.0004889999999999617,False
530037,-0.001503000000000032,False
530112,-0.0015640000000000098,False
530175,-0.0013989999999999836,False
530219,-0.001623000000000041,False
530240,-0.001367000000000007,False
530249,-0.0015640000000000098,False
530251,-0.001686999999999994,False
540163,-0.0010709999999999886,False
550005,-0.0004279999999999978,False
550041,-0.0015340000000000353,False
550059,-0.0016079999999999983,False
550096,-0.0004870000000000152,False
550137,-0.0016939999999999733,False
550154,-0.0009679999999999966,False
550155,-0.0012180000000000524,False
550197,-0.0014869999999999883,False
550202,-0.0017329999999999846,False
550218,-0.0016460000000000363,False
560027,-0.0011650000000000271,False
560033,-0.0013129999999999947,False
560054,-0.001802999999999999,False
560087,-0.001589000000000007,False
560116,-0.0008490000000000025,False
560121,-0.0010879999999999779,False
560150,-0.0014300000000000146,False
560152,-0.0014939999999999953,False
570022,-0.0015899999999999803,False
570025,-0.001552999999999971,False
570056,-0.0010189999999999921,False
570062,-0.0013719999999999982,False
580104,-0.0010560000000000014,False
580235,0.001542999999999961,False
580270,0.0007580000000000364,False
580275,-0.0004979999999999984,False
580276,-0.00049400000000005,False
580300,0.0007240000000000024,False
580312,-0.0011400000000000299,False
580327,-0.0011369999999999991,False
590002,0.0013929999999999776,False
590005,0.0013679999999999803,False
590031,0.001589000000000007,False
590097,-0.0009620000000000184,False
590287,0.0013430000000000109,False
1248677,-0.0005020000000000024,False
1248907,-0.0008660000000000057,False
1249851,-0.0004089999999999927,False
1250017,-0.0008220000000000172,False
1253039,-0.0005260000000000264,False
1253101,-0.0010740000000000194,False
1253920,-0.00043199999999998795,False
1255502,-0.0009600000000000164,False
1256823,-0.0011430000000000051,False
1257366,-0.00045400000000000995,False
1257695,-0.0008900000000000019,False
1258906,-0.0009500000000000064,False
1258940,-0.0010020000000000029,False
1259412,-0.0010360000000000369,False
1261059,-0.0010840000000000294,False
1261086,-0.0004019999999999996,False
1261579,-0.0010560000000000014,False
1262128,-0.0004109999999999947,False
1262214,-0.0006259999999999044,False
1262715,-0.0006319999999999659,False
1263369,-0.0009109999999999951,False
1263715,-0.0009290000000000131,False
1266657,-0.0009190000000000031,False
1273127,-0.0008699999999999819,False
1275946,-0.0008810000000000207,False
1276528,-0.0008990000000000109,False
1277168,-0.0009399999999999964,False
1277971,-0.0004740000000000022,False
1279500,-0.0009730000000000016,False
1280201,-0.0008190000000000003,False
1280217,-0.0009939999999999949,False
1280240,-0.0003610000000000002,False
1281668,-0.0009359999999999924,False
1281886,-0.0009949999999999681,False
1282736,-0.0010999999999999899,False
1282757,-0.0010130000000000416,False
1283373,-0.00043199999999998795,False
1283724,-0.0003640000000000032,False
1283878,-0.0010320000000000329,False
1283923,-0.0008350000000000024,False
1283936,-0.0009739999999999749,False
1284587,-0.0004240000000000077,False
1285160,-0.0006810000000000427,False
1285317,-0.0011349999999999971,False
1286398,-0.0009059999999999901,False
1287626,-0.0010399999999999854,False
1289288,-0.0009180000000000299,False
1289555,-0.0011470000000000091,False
1289600,-0.0005689999999999862,False
1289656,-0.0005620000000000624,False
1289664,-0.0009220000000000339,False
1290127,-0.0010719999999999619,False
1290568,-0.0005399999999999849,False
1290779,-0.0004919999999999924,False
1290816,-0.00044399999999999995,False
1291080,-0.0011570000000000191,False
1291090,-0.0009290000000000131,False
1291639,-0.00038399999999999546,False
1291794,-0.00047600000000003195,False
1291957,-0.0010060000000000069,False
1292145,-0.0005399999999999849,False
1292195,-0.0006959999999999189,False
1292315,-0.0008209999999999884,False
1292332,-0.0009259999999999824,False
1292336,-0.0009020000000000139,False
1292560,-0.0009969999999999979,False
1293319,-0.0010299999999999754,False
1293758,-0.0008380000000000054,False
1294014,-0.0009549999999999836,False
1294137,-0.0010409999999999586,False
1294743,-0.0010499999999999954,False
1295027,-0.0011429999999999496,False
1295256,-0.0005370000000000097,False
1295305,-0.0012879999999999558,False
1295921,-0.001072000000000073,False
1296273,-0.0010220000000000229,False
1296321,-0.0008690000000000087,False
1296657,-0.0009069999999999911,False
1297026,-0.0010100000000000109,False
1297465,-0.0005180000000000184,False
1297501,-0.0004889999999999894,False
1298281,-0.0009189999999999754,False
1298893,-0.0009569999999999856,False
1299643,-0.0004890000000000172,False
1299775,-0.0004230000000000067,False
1299785,-0.0005049999999999777,False
1300516,-0.0010789999999999966,False
1300912,-0.0005389999999999562,False
1301933,-0.0010499999999999954,False
1302058,-0.00044199999999999795,False
1302117,-0.0011089999999999711,False
1302141,-0.0012020000000000364,False
1302187,-0.0004919999999999924,False
1302523,-0.0011339999999999684,False
1302648,-0.0008749999999999869,False
1303004,-0.0010429999999999606,False
1303279,-0.0004119999999999957,False
1303496,-0.0004230000000000067,False
1303883,-0.0008859999999999979,False
1303952,-0.0012419999999999654,False
1304127,-0.0013919999999999488,False
1304442,-0.0004860000000000142,False
1304678,-0.00043099999999998695,False
1305504,-0.0011950000000000016,False
1305626,-0.0010729999999999906,False
1306029,-0.0010450000000000181,False
1306073,-0.0010519999999999974,False
1306141,-0.00046000000000001595,False
1306299,-0.0005159999999999609,False
1306360,-0.0005550000000000277,False
1306390,-0.0009780000000000344,False
1306537,-0.0005189999999999917,False
1306626,-0.0005049999999999777,False
1306785,-0.0013180000000000414,False
1306980,-0.0011440000000000339,False
1306991,-0.0010660000000000114,False
1307073,-0.001290999999999931,False
1307277,-0.0010170000000000456,False
1307830,-0.0005149999999999877,False
1308314,-0.0005199999999999649,False
1308326,-0.0009460000000000024,False
1308568,-0.0013699999999999823,False
1308582,-0.0010729999999999906,False
1308751,-0.0009199999999999764,False
1308884,-0.0004159999999999997,False
1308957,-0.001306999999999947,False
1309288,-0.00043999999999999595,False
1309492,-0.0005040000000000044,False
1309749,-0.0007080000000000419,False
1310338,-0.0011660000000000004,False
1310395,-0.0010119999999999574,False
1312274,-0.0010040000000000049,False
1313594,-0.0010509999999999686,False
1314897,-0.0010609999999999786,False
1315192,-0.0008569999999999967,False
1315259,-0.0008989999999999831,False
1315296,-0.0010510000000000241,False
1316385,-0.00043199999999998795,False
1316431,-0.0008520000000000194,False
1316437,-0.0010379999999999834,False
1316465,-0.0005140000000000144,False
1317164,-0.0009579999999999866,False
1317277,-0.0009900000000000186,False
1317286,-0.0010169999999999901,False
1317454,-0.0011660000000000004,False
1317612,-0.0008249999999999924,False
1317666,-0.0009000000000000119,False
1318142,-0.0009410000000000251,False
1318737,-0.0007630000000000137,False
1319366,-0.0008920000000000039,False
1319821,-0.0004810000000000092,False
1320166,-0.0010390000000000121,False
1322229,-0.0012290000000000356,False
1322979,-0.0006099999999999994,False
1324542,-0.0005570000000000297,False
1325358,-0.0006920000000000259,False
1327978,-0.0008679999999999799,False
1328066,-0.0010959999999999859,False
1328105,-0.0010499999999999954,False
1329166,-0.0006739999999999524,False
1329196,-0.0006660000000000554,False
1329312,-0.0010680000000000134,False
1329615,-0.0011319999999999664,False
1330031,-0.0008009999999999962,False
1330044,-0.0010249999999999981,False
1330426,-0.00045600000000001195,False
1330642,-0.0012860000000000094,False
1330903,-0.0011420000000000874,False
1331123,-0.0009100000000000219,False
1331993,-0.0013809999999999656,False
1332059,-0.0011569999999999636,False
1332413,-0.0012750000000000261,False
1333246,-0.0010459999999999914,False
1333438,-0.0005430000000000157,False
1333483,-0.0004929999999999657,False
1334084,-0.0008160000000000112,False
1334087,-0.0009280000000000399,False
1334302,-0.0010700000000000154,False
1334423,-0.0009679999999999689,False
1334448,-0.0012510000000000021,False
1334470,-0.0012389999999999901,False
1334597,-0.0010399999999999854,False
1334620,-0.0009559999999999846,False
1334623,-0.0010749999999999926,False
1334644,-0.0010450000000000181,False
1334645,-0.0009859999999999869,False
1334707,-0.0006599999999999939,False
1334858,-0.0006249999999999867,False
1334879,-0.0006430000000000602,False
1335472,-0.0010740000000000194,False
1335564,-0.0012980000000000214,False
1335694,-0.0008819999999999939,False
1335717,-0.0005000000000000004,False
1335718,-0.0006669999999999732,False
1335868,-0.0005770000000000497,False
1336002,-0.0010300000000000309,False
1336008,-0.0010229999999999961,False
1336009,-0.0009440000000000004,False
1336272,-0.0012980000000000214,False
1336453,-0.0008660000000000057,False
1336480,-0.0009020000000000139,False
1336662,-0.00043699999999999295,False
1336687,-0.0009900000000000186,False
1336975,-0.0003969999999999946,False
1337117,-0.0011130000000000306,False
1337221,-0.0012420000000000764,False
1337228,-0.0011679999999999469,False
1337272,-0.0012429999999999941,False
1337325,-0.0013360000000000039,False
1337649,-0.0008750000000000147,False
1337655,-0.0014809999999999546,False
1337687,-0.0004709999999999992,False
1337703,-0.0005500000000000504,False
1337838,-0.0010530000000000261,False
1338128,-0.0009530000000000372,False
1338170,-0.0010339999999999794,False
1338233,-0.0013009999999999966,False
1338266,-0.0013420000000000654,False
1338278,-0.0012910000000000421,False
1338387,-0.0011759999999999549,False
1338430,-0.0011179999999999524,False
1338471,-0.0011099999999999444,False
1338649,-0.0011499999999999844,False
1338675,-0.0010489999999999666,False
1338843,-0.0004119999999999957,False
1339002,-0.0010379999999999834,False
1339149,-0.0011809999999999876,False
1339392,-0.00042599999999998195,False
1339450,-0.0005660000000000664,False
1340454,-0.0005030000000000312,False
1341370,-0.0009959999999999969,False
1341894,-0.0010669999999999846,False
1342255,-0.0008990000000000109,False
1343208,-0.0005720000000000169,False
1343337,-0.0004709999999999992,False
1343401,-0.0011339999999999684,False
1343533,-0.0010310000000000041,False
1343759,-0.0005980000000000985,False
1343871,-0.0011290000000000466,False
1344274,-0.0008569999999999967,False
1344692,-0.0011159999999999504,False
1345553,-0.0010700000000000154,False
1345582,-0.0012220000000000009,False
1345594,-0.0011819999999999609,False
1345798,-0.0010659999999999559,False
1345899,-0.0004109999999999947,False
1346137,-0.0005269999999999997,False
1346387,-0.0005169999999999897,False
1346956,-0.0004730000000000012,False
1346966,-0.00044800000000000395,False
1347120,-0.00044700000000000295,False
